{"cameraMode":{"drawMode":0,"name":"Shaded","section":"Shading Mode"},"sceneLighting":true,"audioPlay":false,"sceneViewState":{"showFog":true,"showMaterialUpdate":false,"showSkybox":true,"showFlares":true,"showImageEffects":true,"showParticleSystems":true},"in2DMode":false,"pivot":{"x":1.5821993350982667,"y":-2.852012872695923,"z":88.33089447021485},"rotation":{"x":-0.2746528089046478,"y":-0.2647496461868286,"z":0.0789991244673729,"w":-0.9210725426673889},"size":15.514004707336426,"orthographic":false}