{"cameraMode":{"drawMode":0,"name":"Shaded","section":"Shading Mode"},"sceneLighting":false,"audioPlay":false,"sceneViewState":{"showFog":true,"showMaterialUpdate":false,"showSkybox":false,"showFlares":true,"showImageEffects":true,"showParticleSystems":true},"in2DMode":false,"pivot":{"x":-7.701672554016113,"y":2.975151538848877,"z":96.8295669555664},"rotation":{"x":-0.18923857808113099,"y":-0.06563889235258103,"z":0.012725284323096276,"w":-0.9797263145446777},"size":13.21474552154541,"orthographic":false}