{"cameraMode":{"drawMode":0,"name":"Shaded","section":"Shading Mode"},"sceneLighting":false,"audioPlay":false,"sceneViewState":{"showFog":true,"showMaterialUpdate":false,"showSkybox":false,"showFlares":true,"showImageEffects":true,"showParticleSystems":true},"in2DMode":false,"pivot":{"x":26.042720794677736,"y":6.167803764343262,"z":-6.774038791656494},"rotation":{"x":-0.22282011806964875,"y":-0.07099920511245728,"z":0.016271691769361497,"w":-0.9721589088439941},"size":15.398445129394532,"orthographic":false}