{"cameraMode":{"drawMode":0,"name":"Shaded","section":"Shading Mode"},"sceneLighting":false,"audioPlay":false,"sceneViewState":{"showFog":true,"showMaterialUpdate":false,"showSkybox":false,"showFlares":true,"showImageEffects":true,"showParticleSystems":true},"in2DMode":false,"pivot":{"x":-20.805665969848634,"y":5.335447788238525,"z":-16.558481216430665},"rotation":{"x":-0.25987082719802859,"y":0.0988612100481987,"z":-0.026756463572382928,"w":-0.9602038264274597},"size":13.214744567871094,"orthographic":false}