{"cameraMode":{"drawMode":0,"name":"Shaded","section":"Shading Mode"},"sceneLighting":false,"audioPlay":false,"sceneViewState":{"showFog":true,"showMaterialUpdate":false,"showSkybox":false,"showFlares":true,"showImageEffects":true,"showParticleSystems":true},"in2DMode":false,"pivot":{"x":-7.701672554016113,"y":2.975151538848877,"z":96.8295669555664},"rotation":{"x":-0.2972051501274109,"y":-0.01661532185971737,"z":0.005172139033675194,"w":-0.9546603560447693},"size":9.923783302307129,"orthographic":false}