{"cameraMode":{"drawMode":0,"name":"Shaded","section":"Shading Mode"},"sceneLighting":false,"audioPlay":false,"sceneViewState":{"showFog":true,"showMaterialUpdate":false,"showSkybox":false,"showFlares":true,"showImageEffects":true,"showParticleSystems":true},"in2DMode":false,"pivot":{"x":14.9127197265625,"y":3.9978039264678957,"z":-6.683534622192383},"rotation":{"x":-0.22282011806964875,"y":-0.07099920511245728,"z":0.016271691769361497,"w":-0.9721589088439941},"size":13.214746475219727,"orthographic":false}